{"cameraMode":{"drawMode":0,"name":"Shaded","section":"Shading Mode"},"sceneLighting":false,"audioPlay":false,"sceneViewState":{"showFog":false,"showMaterialUpdate":false,"showSkybox":false,"showFlares":false,"showImageEffects":false,"showParticleSystems":false},"in2DMode":false,"pivot":{"x":1.8642463684082032,"y":-5.041315078735352,"z":-26.463796615600587},"rotation":{"x":-0.02119624614715576,"y":0.9735941290855408,"z":-0.20338597893714906,"w":-0.10148557275533676},"size":24.552061080932618,"orthographic":false}