{"cameraMode":{"drawMode":0,"name":"Shaded","section":"Shading Mode"},"sceneLighting":false,"audioPlay":false,"sceneViewState":{"showFog":true,"showMaterialUpdate":false,"showSkybox":true,"showFlares":true,"showImageEffects":true,"showParticleSystems":true},"in2DMode":false,"pivot":{"x":4.323678493499756,"y":-43.34418487548828,"z":-14.197013854980469},"rotation":{"x":0.006033443845808506,"y":0.9188659191131592,"z":-0.39427313208580019,"w":0.014066512696444989},"size":111.69993591308594,"orthographic":false}